entity_name,year,population
Afghanistan,2017,35688942
Afghanistan,2018,36743040
Afghanistan,2019,37856126
Afghanistan,2020,39068978
Afghanistan,2021,40000411
Afghanistan,2022,40578846
Afghanistan,2023,41454762
Afghanistan,2024,42647502
Africa (UN),2017,1282902108
Africa (UN),2018,1315409781
Africa (UN),2019,1348005491
Africa (UN),2020,1380821159
Africa (UN),2021,1413753053
Africa (UN),2022,1446883651
Africa (UN),2023,1480770527
Africa (UN),2024,1515140855
Albania,2017,2898247
Albania,2018,2894231
Albania,2019,2885012
Albania,2020,2871951
Albania,2021,2849643
Albania,2022,2827615
Albania,2023,2811660
Albania,2024,2791757
Algeria,2017,41689304
Algeria,2018,42505033
Algeria,2019,43294550
Algeria,2020,44042093
Algeria,2021,44761101
Algeria,2022,45477391
Algeria,2023,46164221
Algeria,2024,46814301
American Samoa,2017,51606
American Samoa,2018,50928
American Samoa,2019,50230
American Samoa,2020,49779
American Samoa,2021,49248
American Samoa,2022,48365
American Samoa,2023,47543
American Samoa,2024,46790
Americas (UN),2017,1000714164
Americas (UN),2018,1009489473
Americas (UN),2019,1017894602
Americas (UN),2020,1024463737
Americas (UN),2021,1029207261
Americas (UN),2022,1034848562
Americas (UN),2023,1041794259
Americas (UN),2024,1048761177
Andorra,2017,73781
Andorra,2018,75182
Andorra,2019,76491
Andorra,2020,77398
Andorra,2021,78375
Andorra,2022,79722
Andorra,2023,80868
Andorra,2024,81954
Angola,2017,30234837
Angola,2018,31297160
Angola,2019,32375632
Angola,2020,33451140
Angola,2021,34532427
Angola,2022,35635028
Angola,2023,36749907
Angola,2024,37885853
Anguilla,2017,14449
Anguilla,2018,14746
Anguilla,2019,14845
Anguilla,2020,14864
Anguilla,2021,14503
Anguilla,2022,14202
Anguilla,2023,14435
Anguilla,2024,14623
Antigua and Barbuda,2017,90483
Antigua and Barbuda,2018,90942
Antigua and Barbuda,2019,91377
Antigua and Barbuda,2020,91864
Antigua and Barbuda,2021,92358
Antigua and Barbuda,2022,92851
Antigua and Barbuda,2023,93333
Antigua and Barbuda,2024,93784
Argentina,2017,44288898
Argentina,2018,44654876
Argentina,2019,44973468
Argentina,2020,45191960
Argentina,2021,45312283
Argentina,2022,45407904
Argentina,2023,45538402
Argentina,2024,45696154
Armenia,2017,2914967
Armenia,2018,2909970
Armenia,2019,2903975
Armenia,2020,2890894
Armenia,2021,2870339
Armenia,2022,2880883
Armenia,2023,2943395
Armenia,2024,2973843
Aruba,2017,105736
Aruba,2018,106447
Aruba,2019,107089
Aruba,2020,107411
Aruba,2021,107565
Aruba,2022,107792
Aruba,2023,107946
Aruba,2024,108076
Asia (UN),2017,4572478790
Asia (UN),2018,4613623524
Asia (UN),2019,4652385277
Asia (UN),2020,4688113349
Asia (UN),2021,4718316356
Asia (UN),2022,4747661012
Asia (UN),2023,4778004495
Asia (UN),2024,4806897977
Australia,2017,24731044
Australia,2018,25119700
Australia,2019,25482714
Australia,2020,25743787
Australia,2021,25956416
Australia,2022,26200987
Australia,2023,26451125
Australia,2024,26713206
Austria,2017,8798780
Austria,2018,8841652
Austria,2019,8880875
Austria,2020,8921402
Austria,2021,8967053
Austria,2022,9064679
Austria,2023,9130434
Austria,2024,9120816
Azerbaijan,2017,9968511
Azerbaijan,2018,10039778
Azerbaijan,2019,10110486
Azerbaijan,2020,10181736
Azerbaijan,2021,10234373
Azerbaijan,2022,10295307
Azerbaijan,2023,10318210
Azerbaijan,2024,10336579
Bahamas,2017,390497
Bahamas,2018,392718
Bahamas,2019,394684
Bahamas,2020,395874
Bahamas,2021,396381
Bahamas,2022,397544
Bahamas,2023,399452
Bahamas,2024,401281
Bahrain,2017,1482004
Bahrain,2018,1497634
Bahrain,2019,1485675
Bahrain,2020,1483081
Bahrain,2021,1501762
Bahrain,2022,1533459
Bahrain,2023,1569674
Bahrain,2024,1607060
Bangladesh,2017,162186147
Bangladesh,2018,163523108
Bangladesh,2019,164913060
Bangladesh,2020,166298024
Bangladesh,2021,167658855
Bangladesh,2022,169384890
Bangladesh,2023,171466986
Bangladesh,2024,173562367
Barbados,2017,280176
Barbados,2018,280715
Barbados,2019,281216
Barbados,2020,281705
Barbados,2021,282156
Barbados,2022,282324
Barbados,2023,282348
Barbados,2024,282476
Belarus,2017,9495792
Belarus,2018,9480033
Belarus,2019,9435414
Belarus,2020,9350943
Belarus,2021,9251367
Belarus,2022,9173241
Belarus,2023,9115680
Belarus,2024,9056698
Belgium,2017,11376583
Belgium,2018,11428609
Belgium,2019,11490622
Belgium,2020,11540103
Belgium,2021,11570842
Belgium,2022,11641813
Belgium,2023,11712894
Belgium,2024,11738761
Belize,2017,373216
Belize,2018,380232
Belize,2019,385833
Belize,2020,390819
Belize,2021,395356
Belize,2022,402741
Belize,2023,411115
Belize,2024,417077
Benin,2017,12039777
Benin,2018,12383349
Benin,2019,12726761
Benin,2020,13070170
Benin,2021,13413423
Benin,2022,13759507
Benin,2023,14111035
Benin,2024,14462720
Bermuda,2017,63602
Bermuda,2018,63852
Bermuda,2019,64130
Bermuda,2020,64405
Bermuda,2021,64672
Bermuda,2022,64772
Bermuda,2023,64721
Bermuda,2024,64658
Bhutan,2017,754343
Bhutan,2018,759767
Bhutan,2019,764829
Bhutan,2020,770014
Bhutan,2021,775451
Bhutan,2022,780920
Bhutan,2023,786387
Bhutan,2024,791530
Bolivia,2017,11344592
Bolivia,2018,11508370
Bolivia,2019,11671386
Bolivia,2020,11816300
Bolivia,2021,11937369
Bolivia,2022,12077155
Bolivia,2023,12244161
Bolivia,2024,12413319
Bonaire Sint Eustatius and Saba,2017,24819
Bonaire Sint Eustatius and Saba,2018,25184
Bonaire Sint Eustatius and Saba,2019,25652
Bonaire Sint Eustatius and Saba,2020,26475
Bonaire Sint Eustatius and Saba,2021,27346
Bonaire Sint Eustatius and Saba,2022,28654
Bonaire Sint Eustatius and Saba,2023,29919
Bonaire Sint Eustatius and Saba,2024,30699
Bosnia and Herzegovina,2017,3428684
Bosnia and Herzegovina,2018,3386999
Bosnia and Herzegovina,2019,3345534
Bosnia and Herzegovina,2020,3299352
Bosnia and Herzegovina,2021,3244909
Bosnia and Herzegovina,2022,3204805
Bosnia and Herzegovina,2023,3185071
Bosnia and Herzegovina,2024,3164255
Botswana,2017,2266748
Botswana,2018,2299148
Botswana,2019,2332081
Botswana,2020,2365895
Botswana,2021,2401449
Botswana,2022,2439895
Botswana,2023,2480242
Botswana,2024,2521145
Brazil,2017,204703440
Brazil,2018,206107265
Brazil,2019,207455459
Brazil,2020,208660845
Brazil,2021,209550291
Brazil,2022,210306411
Brazil,2023,211140731
Brazil,2024,211998564
British Virgin Islands,2017,32724
British Virgin Islands,2018,34682
British Virgin Islands,2019,36423
British Virgin Islands,2020,37160
British Virgin Islands,2021,37833
British Virgin Islands,2022,38344
British Virgin Islands,2023,39008
British Virgin Islands,2024,39498
Brunei,2017,432788
Brunei,2018,437813
Brunei,2019,442687
Brunei,2020,447412
Brunei,2021,451723
Brunei,2022,455374
Brunei,2023,458959
Brunei,2024,462733
Bulgaria,2017,7075639
Bulgaria,2018,7024746
Bulgaria,2019,6975467
Bulgaria,2020,6933654
Bulgaria,2021,6877222
Bulgaria,2022,6825863
Bulgaria,2023,6795804
Bulgaria,2024,6757687
Burkina Faso,2017,19894413
Burkina Faso,2018,20438288
Burkina Faso,2019,20961954
Burkina Faso,2020,21478692
Burkina Faso,2021,21995249
Burkina Faso,2022,22509037
Burkina Faso,2023,23025778
Burkina Faso,2024,23548782
Burundi,2017,11506765
Burundi,2018,11859444
Burundi,2019,12255339
Burundi,2020,12617042
Burundi,2021,12965487
Burundi,2022,13321101
Burundi,2023,13689455
Burundi,2024,14047788
Cambodia,2017,16073374
Cambodia,2018,16274521
Cambodia,2019,16481304
Cambodia,2020,16725482
Cambodia,2021,16974308
Cambodia,2022,17201717
Cambodia,2023,17423881
Cambodia,2024,17638804
Cameroon,2017,24128608
Cameroon,2018,24806379
Cameroon,2019,25506096
Cameroon,2020,26210566
Cameroon,2021,26915764
Cameroon,2022,27632771
Cameroon,2023,28372688
Cameroon,2024,29123748
Canada,2017,36808500
Canada,2018,37294997
Canada,2019,37782931
Canada,2020,38171901
Canada,2021,38454058
Canada,2022,38821260
Canada,2023,39299099
Canada,2024,39742428
Cape Verde,2017,512899
Cape Verde,2018,513417
Cape Verde,2019,514116
Cape Verde,2020,514684
Cape Verde,2021,516655
Cape Verde,2022,519750
Cape Verde,2023,522335
Cape Verde,2024,524877
Cayman Islands,2017,64562
Cayman Islands,2018,65963
Cayman Islands,2019,67346
Cayman Islands,2020,68701
Cayman Islands,2021,70126
Cayman Islands,2022,71609
Cayman Islands,2023,73055
Cayman Islands,2024,74476
Central African Republic,2017,4793511
Central African Republic,2018,4878664
Central African Republic,2019,4944707
Central African Republic,2020,5026629
Central African Republic,2021,5112102
Central African Republic,2022,5098038
Central African Republic,2023,5152417
Central African Republic,2024,5330692
Chad,2017,15622758
Chad,2018,16156535
Chad,2019,16685223
Chad,2020,17224685
Chad,2021,17828274
Chad,2022,18455319
Chad,2023,19319073
Chad,2024,20299130
Chile,2017,18558865
Chile,2018,18893186
Chile,2019,19197747
Chile,2020,19370619
Chile,2021,19456323
Chile,2022,19553032
Chile,2023,19658834
Chile,2024,19764772
China,2017,1412354742
China,2018,1419008963
China,2019,1423520354
China,2020,1426106083
China,2021,1426437276
China,2022,1425179562
China,2023,1422584937
China,2024,1419321279
Colombia,2017,48131076
Colombia,2018,49024463
Colombia,2019,49907987
Colombia,2020,50629997
Colombia,2021,51188174
Colombia,2022,51737944
Colombia,2023,52321152
Colombia,2024,52886360
Comoros,2017,756672
Comoros,2018,771596
Comoros,2019,786583
Comoros,2020,802172
Comoros,2021,818178
Comoros,2022,834192
Comoros,2023,850390
Comoros,2024,866633
Congo,2017,5351012
Congo,2018,5483129
Congo,2019,5616656
Congo,2020,5752791
Congo,2021,5892186
Congo,2022,6035107
Congo,2023,6182889
Congo,2024,6332969
Cook Islands,2017,17066
Cook Islands,2018,16622
Cook Islands,2019,16151
Cook Islands,2020,15663
Cook Islands,2021,15204
Cook Islands,2022,14747
Cook Islands,2023,14243
Cook Islands,2024,13749
Costa Rica,2017,4913177
Costa Rica,2018,4957814
Costa Rica,2019,4999551
Costa Rica,2020,5034323
Costa Rica,2021,5059992
Costa Rica,2022,5081765
Costa Rica,2023,5105527
Costa Rica,2024,5129910
Cote d'Ivoire,2017,26733377
Cote d'Ivoire,2018,27464175
Cote d'Ivoire,2019,28193014
Cote d'Ivoire,2020,28915452
Cote d'Ivoire,2021,29639735
Cote d'Ivoire,2022,30395003
Cote d'Ivoire,2023,31165651
Cote d'Ivoire,2024,31934229
Croatia,2017,4079198
Croatia,2018,4024868
Croatia,2019,3986338
Croatia,2020,3953957
Croatia,2021,3924607
Croatia,2022,3907031
Croatia,2023,3896024
Croatia,2024,3875325
Cuba,2017,11247825
Cuba,2018,11227118
Cuba,2019,11202847
Cuba,2020,11176349
Cuba,2021,11122169
Cuba,2022,11059821
Cuba,2023,11019931
Cuba,2024,10979781
Curacao,2017,168524
Curacao,2018,181593
Curacao,2019,189556
Curacao,2020,185026
Curacao,2021,185324
Curacao,2022,185351
Curacao,2023,185437
Curacao,2024,185481
Cyprus,2017,1254273
Cyprus,2018,1270743
Cyprus,2019,1286669
Cyprus,2020,1302250
Cyprus,2021,1317312
Cyprus,2022,1331376
Cyprus,2023,1344979
Cyprus,2024,1358287
Czechia,2017,10541343
Czechia,2018,10548935
Czechia,2019,10554871
Czechia,2020,10550130
Czechia,2021,10530683
Czechia,2022,10673216
Czechia,2023,10809722
Czechia,2024,10735858
Democratic Republic of Congo,2017,87083400
Democratic Republic of Congo,2018,90047647
Democratic Republic of Congo,2019,92947450
Democratic Republic of Congo,2020,95989999
Democratic Republic of Congo,2021,99148931
Democratic Republic of Congo,2022,102396974
Democratic Republic of Congo,2023,105789733
Democratic Republic of Congo,2024,109276265
Denmark,2017,5765168
Denmark,2018,5793825
Denmark,2019,5814619
Denmark,2020,5831530
Denmark,2021,5856773
Denmark,2022,5902898
Denmark,2023,5948134
Denmark,2024,5977417
Djibouti,2017,1054842
Djibouti,2018,1071886
Djibouti,2019,1088708
Djibouti,2020,1105194
Djibouti,2021,1121251
Djibouti,2022,1137100
Djibouti,2023,1152951
Djibouti,2024,1168727
Dominica,2017,68514
Dominica,2018,68193
Dominica,2019,67901
Dominica,2020,67589
Dominica,2021,67223
Dominica,2022,66850
Dominica,2023,66531
Dominica,2024,66224
Dominican Republic,2017,10666846
Dominican Republic,2018,10782049
Dominican Republic,2019,10894043
Dominican Republic,2020,11008297
Dominican Republic,2021,11123480
Dominican Republic,2022,11230734
Dominican Republic,2023,11331268
Dominican Republic,2024,11427558
East Timor,2017,1251710
East Timor,2018,1275965
East Timor,2019,1300943
East Timor,2020,1326051
East Timor,2021,1350142
East Timor,2022,1369299
East Timor,2023,1384292
East Timor,2024,1400638
Ecuador,2017,16759517
Ecuador,2018,17049542
Ecuador,2019,17340017
Ecuador,2020,17546058
Ecuador,2021,17682454
Ecuador,2022,17823900
Ecuador,2023,17980079
Ecuador,2024,18135478
Egypt,2017,103696057
Egypt,2018,105682093
Egypt,2019,107553159
Egypt,2020,109315119
Egypt,2021,110957004
Egypt,2022,112618251
Egypt,2023,114535772
Egypt,2024,116538256
El Salvador,2017,6213537
El Salvador,2018,6219801
El Salvador,2019,6222316
El Salvador,2020,6234680
El Salvador,2021,6255781
El Salvador,2022,6280316
El Salvador,2023,6309628
El Salvador,2024,6338198
Equatorial Guinea,2017,1562401
Equatorial Guinea,2018,1616425
Equatorial Guinea,2019,1670184
Equatorial Guinea,2020,1716479
Equatorial Guinea,2021,1758796
Equatorial Guinea,2022,1803550
Equatorial Guinea,2023,1847556
Equatorial Guinea,2024,1892522
Eritrea,2017,3150351
Eritrea,2018,3192763
Eritrea,2019,3240195
Eritrea,2020,3291277
Eritrea,2021,3350184
Eritrea,2022,3409452
Eritrea,2023,3470392
Eritrea,2024,3535610
Estonia,2017,1317432
Estonia,2018,1321971
Estonia,2019,1326821
Estonia,2020,1329674
Estonia,2021,1331750
Estonia,2022,1350092
Estonia,2023,1367194
Estonia,2024,1360549
Eswatini,2017,1158197
Eswatini,2018,1168931
Eswatini,2019,1179885
Eswatini,2020,1192733
Eswatini,2021,1206599
Eswatini,2022,1218921
Eswatini,2023,1230508
Eswatini,2024,1242830
Ethiopia,2017,109666482
Ethiopia,2018,112664155
Ethiopia,2019,115737385
Ethiopia,2020,118917671
Ethiopia,2021,122138590
Ethiopia,2022,125384285
Ethiopia,2023,128691696
Ethiopia,2024,132059770
Europe (UN),2017,747429208
Europe (UN),2018,748564859
Europe (UN),2019,749504129
Europe (UN),2020,749524039
Europe (UN),2021,748613503
Europe (UN),2022,746964589
Europe (UN),2023,745602869
Europe (UN),2024,745083825
Falkland Islands,2017,3541
Falkland Islands,2018,3549
Falkland Islands,2019,3541
Falkland Islands,2020,3537
Falkland Islands,2021,3524
Falkland Islands,2022,3515
Falkland Islands,2023,3498
Falkland Islands,2024,3492
Faroe Islands,2017,50267
Faroe Islands,2018,51061
Faroe Islands,2019,51868
Faroe Islands,2020,52615
Faroe Islands,2021,53324
Faroe Islands,2022,54039
Faroe Islands,2023,54738
Faroe Islands,2024,55418
Fiji,2017,918762
Fiji,2018,917184
Fiji,2019,914904
Fiji,2020,914970
Fiji,2021,916717
Fiji,2022,919428
Fiji,2023,924150
Fiji,2024,928802
Finland,2017,5508399
Finland,2018,5515732
Finland,2019,5521755
Finland,2020,5529617
Finland,2021,5541068
Finland,2022,5569299
Finland,2023,5601185
Finland,2024,5617313
France,2017,65284775
France,2018,65519539
France,2019,65729460
France,2020,65905273
France,2021,66083547
France,2022,66277412
France,2023,66438828
France,2024,66548532
French Guiana,2017,276158
French Guiana,2018,280971
French Guiana,2019,285576
French Guiana,2020,289063
French Guiana,2021,293023
French Guiana,2022,298319
French Guiana,2023,303409
French Guiana,2024,308536
French Polynesia,2017,280096
French Polynesia,2018,279824
French Polynesia,2019,279039
French Polynesia,2020,279219
French Polynesia,2021,279807
French Polynesia,2022,280389
French Polynesia,2023,281124
French Polynesia,2024,281815
Gabon,2017,2156902
Gabon,2018,2212320
Gabon,2019,2267710
Gabon,2020,2322536
Gabon,2021,2376728
Gabon,2022,2430752
Gabon,2023,2484790
Gabon,2024,2538954
Gambia,2017,2342192
Gambia,2018,2399634
Gambia,2019,2456847
Gambia,2020,2515744
Gambia,2021,2576014
Gambia,2022,2636473
Gambia,2023,2697848
Gambia,2024,2759999
Georgia,2017,3792861
Georgia,2018,3794881
Georgia,2019,3796721
Georgia,2020,3795680
Georgia,2021,3788450
Georgia,2022,3794783
Georgia,2023,3807494
Georgia,2024,3807668
Germany,2017,83104012
Germany,2018,83368506
Germany,2019,83559185
Germany,2020,83628711
Germany,2021,83697082
Germany,2022,84086228
Germany,2023,84548234
Germany,2024,84552236
Ghana,2017,30008363
Ghana,2018,30637591
Ghana,2019,31258942
Ghana,2020,31887801
Ghana,2021,32518662
Ghana,2022,33149151
Ghana,2023,33787915
Ghana,2024,34427416
Gibraltar,2017,34267
Gibraltar,2018,34883
Gibraltar,2019,35518
Gibraltar,2020,36197
Gibraltar,2021,36880
Gibraltar,2022,37631
Gibraltar,2023,38493
Gibraltar,2024,39348
Greece,2017,10753532
Greece,2018,10730845
Greece,2019,10718580
Greece,2020,10699370
Greece,2021,10579561
Greece,2022,10412481
Greece,2023,10242909
Greece,2024,10047813
Greenland,2017,56093
Greenland,2018,56099
Greenland,2019,56108
Greenland,2020,56105
Greenland,2021,56065
Greenland,2022,56014
Greenland,2023,55951
Greenland,2024,55864
Grenada,2017,115449
Grenada,2018,115703
Grenada,2019,115995
Grenada,2020,116353
Grenada,2021,116695
Grenada,2022,116928
Grenada,2023,117093
Grenada,2024,117216
Guadeloupe,2017,412701
Guadeloupe,2018,415185
Guadeloupe,2019,410267
Guadeloupe,2020,407400
Guadeloupe,2021,399156
Guadeloupe,2022,384703
Guadeloupe,2023,376519
Guadeloupe,2024,375112
Guam,2017,163503
Guam,2018,162691
Guam,2019,161821
Guam,2020,162167
Guam,2021,163741
Guam,2022,165193
Guam,2023,166523
Guam,2024,167788
Guatemala,2017,16567362
Guatemala,2018,16845688
Guatemala,2019,17103802
Guatemala,2020,17357331
Guatemala,2021,17598654
Guatemala,2022,17847877
Guatemala,2023,18124842
Guatemala,2024,18406367
Guernsey,2017,62215
Guernsey,2018,62458
Guernsey,2019,62807
Guernsey,2020,63128
Guernsey,2021,63436
Guernsey,2022,63748
Guernsey,2023,64042
Guernsey,2024,64304
Guinea,2017,12385668
Guinea,2018,12704776
Guinea,2019,13034349
Guinea,2020,13371187
Guinea,2021,13710516
Guinea,2022,14055137
Guinea,2023,14405469
Guinea,2024,14754780
Guinea-Bissau,2017,1877074
Guinea-Bissau,2018,1922166
Guinea-Bissau,2019,1967704
Guinea-Bissau,2020,2013259
Guinea-Bissau,2021,2058842
Guinea-Bissau,2022,2105537
Guinea-Bissau,2023,2153344
Guinea-Bissau,2024,2201359
Guyana,2017,768483
Guyana,2018,791563
Guyana,2019,807667
Guyana,2020,807487
Guyana,2021,815484
Guyana,2022,821636
Guyana,2023,826360
Guyana,2024,831093
Haiti,2017,10817758
Haiti,2018,10962373
Haiti,2019,11105164
Haiti,2020,11243847
Haiti,2021,11374592
Haiti,2022,11503604
Haiti,2023,11637402
Haiti,2024,11772561
High-income countries,2017,1231575719
High-income countries,2018,1237400303
High-income countries,2019,1243293724
High-income countries,2020,1246978178
High-income countries,2021,1248780604
High-income countries,2022,1254316684
High-income countries,2023,1261155613
High-income countries,2024,1265183132
Honduras,2017,9588143
Honduras,2018,9765209
Honduras,2019,9943637
Honduras,2020,10119637
Honduras,2021,10289882
Honduras,2022,10463881
Honduras,2023,10644855
Honduras,2024,10825704
Hong Kong,2017,7444890
Hong Kong,2018,7471189
Hong Kong,2019,7485816
Hong Kong,2020,7490240
Hong Kong,2021,7484604
Hong Kong,2022,7465914
Hong Kong,2023,7442738
Hong Kong,2024,7414915
Hungary,2017,9785606
Hungary,2018,9774395
Hungary,2019,9770346
Hungary,2020,9749460
Hungary,2021,9707848
Hungary,2022,9684306
Hungary,2023,9686463
Hungary,2024,9676135
Iceland,2017,343536
Iceland,2018,352861
Iceland,2019,360709
Iceland,2020,366626
Iceland,2021,372649
Iceland,2022,380368
Iceland,2023,387559
Iceland,2024,393404
India,2017,1359657392
India,2018,1374659068
India,2019,1389030303
India,2020,1402617692
India,2021,1414203889
India,2022,1425423212
India,2023,1438069597
India,2024,1450935779
Indonesia,2017,267346655
Indonesia,2018,269951847
Indonesia,2019,272489379
Indonesia,2020,274814864
Indonesia,2021,276758056
Indonesia,2022,278830529
Indonesia,2023,281190068
Indonesia,2024,283487932
Iran,2017,85026761
Iran,2018,86118000
Iran,2019,87051647
Iran,2020,87723446
Iran,2021,88455491
Iran,2022,89524247
Iran,2023,90608708
Iran,2024,91567737
Iraq,2017,39337357
Iraq,2018,40265629
Iraq,2019,41192172
Iraq,2020,42116604
Iraq,2021,43071210
Iraq,2022,44070556
Iraq,2023,45074055
Iraq,2024,46042015
Ireland,2017,4810258
Ireland,2018,4872557
Ireland,2019,4933491
Ireland,2020,4982604
Ireland,2021,5028430
Ireland,2022,5110013
Ireland,2023,5196629
Ireland,2024,5255018
Isle of Man,2017,83624
Isle of Man,2018,83815
Isle of Man,2019,83973
Isle of Man,2020,84079
Isle of Man,2021,84121
Isle of Man,2022,84144
Isle of Man,2023,84180
Isle of Man,2024,84182
Israel,2017,8361796
Israel,2018,8510068
Israel,2019,8657466
Israel,2020,8800379
Israel,2021,8942925
Israel,2022,9103144
Israel,2023,9256311
Israel,2024,9387015
Italy,2017,60390317
Italy,2018,60277496
Italy,2019,60130136
Italy,2020,59912763
Italy,2021,59729354
Italy,2022,59619106
Italy,2023,59499452
Italy,2024,59342870
Jamaica,2017,2815767
Jamaica,2018,2820103
Jamaica,2019,2823275
Jamaica,2020,2830746
Jamaica,2021,2837682
Jamaica,2022,2839151
Jamaica,2023,2839785
Jamaica,2024,2839183
Japan,2017,127064685
Japan,2018,126913433
Japan,2019,126699422
Japan,2020,126304536
Japan,2021,125679341
Japan,2022,124997586
Japan,2023,124370947
Japan,2024,123753042
Jersey,2017,102131
Jersey,2018,102530
Jersey,2019,102864
Jersey,2020,103138
Jersey,2021,103337
Jersey,2022,103493
Jersey,2023,103679
Jersey,2024,103856
Jordan,2017,10234227
Jordan,2018,10462310
Jordan,2019,10671892
Jordan,2020,10865231
Jordan,2021,11066358
Jordan,2022,11256268
Jordan,2023,11439219
Jordan,2024,11552883
Kazakhstan,2017,18651930
Kazakhstan,2018,18932725
Kazakhstan,2019,19209556
Kazakhstan,2020,19482117
Kazakhstan,2021,19743607
Kazakhstan,2022,20034612
Kazakhstan,2023,20330106
Kazakhstan,2024,20592575
Kenya,2017,49197760
Kenya,2018,50207110
Kenya,2019,51202829
Kenya,2020,52217327
Kenya,2021,53219165
Kenya,2022,54252456
Kenya,2023,55339007
Kenya,2024,56432945
Kiribati,2017,120288
Kiribati,2018,122097
Kiribati,2019,123928
Kiribati,2020,126110
Kiribati,2021,128386
Kiribati,2022,130481
Kiribati,2023,132539
Kiribati,2024,134520
Kosovo,2017,1768125
Kosovo,2018,1767748
Kosovo,2019,1755048
Kosovo,2020,1751415
Kosovo,2021,1741449
Kosovo,2022,1717950
Kosovo,2023,1700039
Kosovo,2024,1684797
Kuwait,2017,4154685
Kuwait,2018,4323388
Kuwait,2019,4442202
Kuwait,2020,4400146
Kuwait,2021,4360749
Kuwait,2022,4589514
Kuwait,2023,4838780
Kuwait,2024,4934508
Kyrgyzstan,2017,6220146
Kyrgyzstan,2018,6341733
Kyrgyzstan,2019,6494036
Kyrgyzstan,2020,6664142
Kyrgyzstan,2021,6820483
Kyrgyzstan,2022,6955792
Kyrgyzstan,2023,7073523
Kyrgyzstan,2024,7186014
Land-locked developing countries (LLDC),2017,503808945
Land-locked developing countries (LLDC),2018,515439801
Land-locked developing countries (LLDC),2019,528050257
Land-locked developing countries (LLDC),2020,541140668
Land-locked developing countries (LLDC),2021,553891679
Land-locked developing countries (LLDC),2022,566128949
Land-locked developing countries (LLDC),2023,579184957
Land-locked developing countries (LLDC),2024,592790371
Laos,2017,7018149
Laos,2018,7128045
Laos,2019,7237634
Laos,2020,7346533
Laos,2021,7453191
Laos,2022,7559007
Laos,2023,7665002
Laos,2024,7769823
Latin America and the Caribbean (UN),2017,631575440
Latin America and the Caribbean (UN),2018,637012157
Latin America and the Caribbean (UN),2019,642195533
Latin America and the Caribbean (UN),2020,646729386
Latin America and the Caribbean (UN),2021,650465295
Latin America and the Caribbean (UN),2022,654366789
Latin America and the Caribbean (UN),2023,658891516
Latin America and the Caribbean (UN),2024,663466076
Latvia,2017,1942599
Latvia,2018,1927586
Latvia,2019,1914267
Latvia,2020,1901119
Latvia,2021,1885592
Latvia,2022,1881058
Latvia,2023,1882400
Latvia,2024,1871874
Least developed countries,2017,1009200436
Least developed countries,2018,1033320501
Least developed countries,2019,1058226909
Least developed countries,2020,1083853564
Least developed countries,2021,1109397235
Least developed countries,2022,1134811919
Least developed countries,2023,1161055556
Least developed countries,2024,1188013120
Lebanon,2017,6160128
Lebanon,2018,5984120
Lebanon,2019,5794600
Lebanon,2020,5702401
Lebanon,2021,5718127
Lebanon,2022,5744494
Lebanon,2023,5773492
Lebanon,2024,5805963
Lesotho,2017,2157116
Lesotho,2018,2183612
Lesotho,2019,2209414
Lesotho,2020,2235727
Lesotho,2021,2261549
Lesotho,2022,2286112
Lesotho,2023,2311476
Lesotho,2024,2337427
Less developed regions,2017,6372441555
Less developed regions,2018,6451926601
Less developed regions,2019,6528919013
Less developed regions,2020,6602624618
Less developed regions,2021,6670349457
Less developed regions,2022,6737630544
Less developed regions,2023,6807234405
Less developed regions,2024,6875913453
"Less developed regions, excluding China",2017,4928362452
"Less developed regions, excluding China",2018,5001128397
"Less developed regions, excluding China",2019,5073567699
"Less developed regions, excluding China",2020,5144681850
"Less developed regions, excluding China",2021,5212174883
"Less developed regions, excluding China",2022,5280860580
"Less developed regions, excluding China",2023,5353175687
"Less developed regions, excluding China",2024,5425243049
"Less developed regions, excluding least developed countries",2017,5363241083
"Less developed regions, excluding least developed countries",2018,5418606082
"Less developed regions, excluding least developed countries",2019,5470692036
"Less developed regions, excluding least developed countries",2020,5518771103
"Less developed regions, excluding least developed countries",2021,5560952242
"Less developed regions, excluding least developed countries",2022,5602818604
"Less developed regions, excluding least developed countries",2023,5646178846
"Less developed regions, excluding least developed countries",2024,5687900319
Liberia,2017,4848927
Liberia,2018,4944727
Liberia,2019,5043720
Liberia,2020,5149471
Liberia,2021,5259326
Liberia,2022,5373296
Liberia,2023,5493034
Liberia,2024,5612812
Libya,2017,6738770
Libya,2018,6849060
Libya,2019,6951038
Libya,2020,7045404
Libya,2021,7135180
Libya,2022,7223804
Libya,2023,7305660
Libya,2024,7381028
Liechtenstein,2017,37871
Liechtenstein,2018,38157
Liechtenstein,2019,38462
Liechtenstein,2020,38793
Liechtenstein,2021,39062
Liechtenstein,2022,39336
Liechtenstein,2023,39621
Liechtenstein,2024,39894
Lithuania,2017,2829318
Lithuania,2018,2802484
Lithuania,2019,2795057
Lithuania,2020,2795766
Lithuania,2021,2794489
Lithuania,2022,2816922
Lithuania,2023,2854105
Lithuania,2024,2859113
Low-income countries,2017,624556994
Low-income countries,2018,642186193
Low-income countries,2019,660718368
Low-income countries,2020,679560751
Low-income countries,2021,698215211
Low-income countries,2022,716865787
Low-income countries,2023,736466397
Low-income countries,2024,756667876
Lower-middle-income countries,2017,3017492210
Lower-middle-income countries,2018,3059616816
Lower-middle-income countries,2019,3101052514
Lower-middle-income countries,2020,3141910133
Lower-middle-income countries,2021,3180608692
Lower-middle-income countries,2022,3216231043
Lower-middle-income countries,2023,3253459066
Lower-middle-income countries,2024,3294274045
Luxembourg,2017,596505
Luxembourg,2018,608108
Luxembourg,2019,620166
Luxembourg,2020,630597
Luxembourg,2021,640276
Luxembourg,2022,653316
Luxembourg,2023,665101
Luxembourg,2024,673043
Macao,2017,646560
Macao,2018,658777
Macao,2019,670983
Macao,2020,683073
Macao,2021,694404
Macao,2022,704359
Macao,2023,713916
Macao,2024,720270
Madagascar,2017,26788379
Madagascar,2018,27494930
Madagascar,2019,28219558
Madagascar,2020,28953560
Madagascar,2021,29691087
Madagascar,2022,30437263
Madagascar,2023,31195936
Madagascar,2024,31964961
Malawi,2017,18039712
Malawi,2018,18528087
Malawi,2019,19025748
Malawi,2020,19533886
Malawi,2021,20047263
Malawi,2022,20568731
Malawi,2023,21104480
Malawi,2024,21655290
Malaysia,2017,32355642
Malaysia,2018,32910962
Malaysia,2019,33440588
Malaysia,2020,33889555
Malaysia,2021,34282405
Malaysia,2022,34695494
Malaysia,2023,35126295
Malaysia,2024,35557670
Maldives,2017,458297
Maldives,2018,473107
Maldives,2019,487737
Maldives,2020,502127
Maldives,2021,516162
Maldives,2022,524116
Maldives,2023,526009
Maldives,2024,527801
Mali,2017,19813016
Mali,2018,20442029
Mali,2019,21068406
Mali,2020,21713839
Mali,2021,22388638
Mali,2022,23072639
Mali,2023,23769129
Mali,2024,24478596
Malta,2017,467902
Malta,2018,484559
Malta,2019,504017
Malta,2020,518213
Malta,2021,524383
Malta,2022,528194
Malta,2023,532964
Malta,2024,539613
Marshall Islands,2017,46543
Marshall Islands,2018,45306
Marshall Islands,2019,44029
Marshall Islands,2020,42728
Marshall Islands,2021,41386
Marshall Islands,2022,40094
Marshall Islands,2023,38849
Marshall Islands,2024,37572
Martinique,2017,371510
Martinique,2018,364100
Martinique,2019,359620
Martinique,2020,356625
Martinique,2021,353285
Martinique,2022,349461
Martinique,2023,346008
Martinique,2024,343202
Mauritania,2017,4210602
Mauritania,2018,4337685
Mauritania,2019,4467714
Mauritania,2020,4600135
Mauritania,2021,4734875
Mauritania,2022,4875645
Mauritania,2023,5022440
Mauritania,2024,5169402
Mauritius,2017,1290652
Mauritius,2018,1288835
Mauritius,2019,1286269
Mauritius,2020,1283230
Mauritius,2021,1279627
Mauritius,2022,1276134
Mauritius,2023,1273590
Mauritius,2024,1271171
Mayotte,2017,265171
Mayotte,2018,269705
Mayotte,2019,274917
Mayotte,2020,284381
Mayotte,2021,294431
Mayotte,2022,305278
Mayotte,2023,316028
Mayotte,2024,326513
Mexico,2017,123400054
Mexico,2018,124573714
Mexico,2019,125762977
Mexico,2020,126799052
Mexico,2021,127648152
Mexico,2022,128613113
Mexico,2023,129739764
Mexico,2024,130860999
Micronesia (country),2017,109494
Micronesia (country),2018,109925
Micronesia (country),2019,110294
Micronesia (country),2020,110931
Micronesia (country),2021,111636
Micronesia (country),2022,112124
Micronesia (country),2023,112646
Micronesia (country),2024,113172
Moldova,2017,3193500
Moldova,2018,3153779
Moldova,2019,3112563
Moldova,2020,3069135
Moldova,2021,3023780
Moldova,2022,3039987
Moldova,2023,3067071
Moldova,2024,3034968
Monaco,2017,37700
Monaco,2018,38178
Monaco,2019,38131
Monaco,2020,38074
Monaco,2021,38548
Monaco,2022,38949
Monaco,2023,38978
Monaco,2024,38656
Mongolia,2017,3104371
Mongolia,2018,3167714
Mongolia,2019,3232119
Mongolia,2020,3290788
Mongolia,2021,3339678
Mongolia,2022,3386015
Mongolia,2023,3431939
Mongolia,2024,3475540
Montenegro,2017,620115
Montenegro,2018,615799
Montenegro,2019,611673
Montenegro,2020,607936
Montenegro,2021,603854
Montenegro,2022,614650
Montenegro,2023,633557
Montenegro,2024,638485
Montserrat,2017,4624
Montserrat,2018,4595
Montserrat,2019,4564
Montserrat,2020,4532
Montserrat,2021,4505
Montserrat,2022,4476
Montserrat,2023,4440
Montserrat,2024,4414
More developed regions,2017,1273176413
More developed regions,2018,1277976169
More developed regions,2019,1282374735
More developed regions,2020,1284376622
More developed regions,2021,1284098923
More developed regions,2022,1283776661
More developed regions,2023,1284500519
More developed regions,2024,1286059111
Morocco,2017,35446396
Morocco,2018,35839760
Morocco,2019,36210907
Morocco,2020,36584208
Morocco,2021,36954442
Morocco,2022,37329069
Morocco,2023,37712517
Morocco,2024,38081175
Mozambique,2017,28166399
Mozambique,2018,29018646
Mozambique,2019,29884376
Mozambique,2020,30783685
Mozambique,2021,31707797
Mozambique,2022,32656240
Mozambique,2023,33635165
Mozambique,2024,34631766
Myanmar,2017,51894938
Myanmar,2018,52272246
Myanmar,2019,52640718
Myanmar,2020,53016525
Myanmar,2021,53387102
Myanmar,2022,53756790
Myanmar,2023,54133801
Myanmar,2024,54500087
Namibia,2017,2506855
Namibia,2018,2577327
Namibia,2019,2650500
Namibia,2020,2728763
Namibia,2021,2810553
Namibia,2022,2889668
Namibia,2023,2963101
Namibia,2024,3030127
Nauru,2017,11350
Nauru,2018,11499
Nauru,2019,11609
Nauru,2020,11665
Nauru,2021,11726
Nauru,2022,11821
Nauru,2023,11900
Nauru,2024,11968
Nepal,2017,28011259
Nepal,2018,28079686
Nepal,2019,28414066
Nepal,2020,28966582
Nepal,2021,29475018
Nepal,2022,29715434
Nepal,2023,29694614
Nepal,2024,29651054
Netherlands,2017,17315375
Netherlands,2018,17421284
Netherlands,2019,17537506
Netherlands,2020,17636732
Netherlands,2021,17730564
Netherlands,2022,17904422
Netherlands,2023,18092525
Netherlands,2024,18228738
New Caledonia,2017,283551
New Caledonia,2018,283553
New Caledonia,2019,283617
New Caledonia,2020,284186
New Caledonia,2021,285226
New Caledonia,2022,287131
New Caledonia,2023,289880
New Caledonia,2024,292655
New Zealand,2017,4812748
New Zealand,2018,4900844
New Zealand,2019,4989412
New Zealand,2020,5069893
New Zealand,2021,5107696
New Zealand,2022,5131733
New Zealand,2023,5172839
New Zealand,2024,5213946
Nicaragua,2017,6316236
Nicaragua,2018,6400074
Nicaragua,2019,6483660
Nicaragua,2020,6565267
Nicaragua,2021,6644745
Nicaragua,2022,6730661
Nicaragua,2023,6823618
Nicaragua,2024,6916135
Niger,2017,21435449
Niger,2018,22188074
Niger,2019,22947765
Niger,2020,23717614
Niger,2021,24502144
Niger,2022,25311977
Niger,2023,26159862
Niger,2024,27032418
Nigeria,2017,200254578
Nigeria,2018,204938753
Nigeria,2019,209485636
Nigeria,2020,213996186
Nigeria,2021,218529285
Nigeria,2022,223150906
Nigeria,2023,227882949
Nigeria,2024,232679482
Niue,2017,1803
Niue,2018,1805
Niue,2019,1814
Niue,2020,1822
Niue,2021,1836
Niue,2022,1844
Niue,2023,1841
Niue,2024,1841
North Korea,2017,25817710
North Korea,2018,25931155
North Korea,2019,26037633
North Korea,2020,26136313
North Korea,2021,26232531
North Korea,2022,26328842
North Korea,2023,26418196
North Korea,2024,26498834
North Macedonia,2017,1940877
North Macedonia,2018,1919730
North Macedonia,2019,1897643
North Macedonia,2020,1872021
North Macedonia,2021,1851109
North Macedonia,2022,1840236
North Macedonia,2023,1831800
North Macedonia,2024,1823011
Northern America (UN),2017,369138724
Northern America (UN),2018,372477318
Northern America (UN),2019,375699069
Northern America (UN),2020,377734350
Northern America (UN),2021,378741971
Northern America (UN),2022,380481767
Northern America (UN),2023,382902740
Northern America (UN),2024,385295103
Northern Mariana Islands,2017,49981
Northern Mariana Islands,2018,49098
Northern Mariana Islands,2019,48154
Northern Mariana Islands,2020,47557
Northern Mariana Islands,2021,47003
Northern Mariana Islands,2022,46101
Northern Mariana Islands,2023,45165
Northern Mariana Islands,2024,44299
Norway,2017,5276806
Norway,2018,5311751
Norway,2019,5347735
Norway,2020,5379274
Norway,2021,5408081
Norway,2022,5456795
Norway,2023,5519166
Norway,2024,5576655
Oceania (UN),2017,42093650
Oceania (UN),2018,42815158
Oceania (UN),2019,43504185
Oceania (UN),2020,44078974
Oceania (UN),2021,44558212
Oceania (UN),2022,45049350
Oceania (UN),2023,45562792
Oceania (UN),2024,46088714
Oman,2017,4537397
Oman,2018,4597879
Oman,2019,4591247
Oman,2020,4522503
Oman,2021,4500427
Oman,2022,4730227
Oman,2023,5049268
Oman,2024,5281542
Pakistan,2017,223273975
Pakistan,2018,226928893
Pakistan,2019,230800909
Pakistan,2020,235001743
Pakistan,2021,239477805
Pakistan,2022,243700667
Pakistan,2023,247504504
Pakistan,2024,251269158
Palau,2017,17837
Palau,2018,17842
Palau,2019,17820
Palau,2020,17817
Palau,2021,17809
Palau,2022,17784
Palau,2023,17750
Palau,2024,17719
Palestine,2017,4742747
Palestine,2018,4850593
Palestine,2019,4957774
Palestine,2020,5069691
Palestine,2021,5185341
Palestine,2022,5305274
Palestine,2023,5409201
Palestine,2024,5495445
Panama,2017,4098705
Panama,2018,4167859
Panama,2019,4234699
Panama,2020,4293258
Panama,2021,4345410
Panama,2022,4400772
Panama,2023,4458759
Panama,2024,4515575
Papua New Guinea,2017,9178716
Papua New Guinea,2018,9394519
Papua New Guinea,2019,9609014
Papua New Guinea,2020,9815741
Papua New Guinea,2021,10012899
Papua New Guinea,2022,10203176
Papua New Guinea,2023,10389638
Papua New Guinea,2024,10576508
Paraguay,2017,6338656
Paraguay,2018,6427383
Paraguay,2019,6515060
Paraguay,2020,6603742
Paraguay,2021,6684184
Paraguay,2022,6760461
Paraguay,2023,6844152
Paraguay,2024,6929152
Peru,2017,31324638
Peru,2018,31897590
Peru,2019,32449301
Peru,2020,32838576
Peru,2021,33155883
Peru,2022,33475435
Peru,2023,33845617
Peru,2024,34217850
Philippines,2017,108119693
Philippines,2018,109465284
Philippines,2019,110804685
Philippines,2020,112081271
Philippines,2021,113100946
Philippines,2022,113964342
Philippines,2023,114891200
Philippines,2024,115843663
Poland,2017,38254964
Poland,2018,38241070
Poland,2019,38225884
Poland,2020,38171005
Poland,2021,38040304
Poland,2022,38385734
Poland,2023,38762847
Poland,2024,38539208
Portugal,2017,10330836
Portugal,2018,10325353
Portugal,2019,10343218
Portugal,2020,10370519
Portugal,2021,10390956
Portugal,2022,10417075
Portugal,2023,10430735
Portugal,2024,10425291
Puerto Rico,2017,3371879
Puerto Rico,2018,3290068
Puerto Rico,2019,3288026
Puerto Rico,2020,3275801
Puerto Rico,2021,3253210
Puerto Rico,2022,3240971
Puerto Rico,2023,3242023
Puerto Rico,2024,3242212
Qatar,2017,2706715
Qatar,2018,2761145
Qatar,2019,2797927
Qatar,2020,2803373
Qatar,2021,2814989
Qatar,2022,2892465
Qatar,2023,2979087
Qatar,2024,3048428
Reunion,2017,858761
Reunion,2018,856946
Reunion,2019,857327
Reunion,2020,861452
Reunion,2021,868084
Reunion,2022,871542
Reunion,2023,874883
Reunion,2024,878595
Romania,2017,19689406
Romania,2018,19597874
Romania,2019,19501543
Romania,2020,19392469
Romania,2021,19248159
Romania,2022,19166776
Romania,2023,19118481
Romania,2024,19015096
Russia,2017,146186800
Russia,2018,146430147
Russia,2019,146533063
Russia,2020,146371293
Russia,2021,145836172
Russia,2022,145579890
Russia,2023,145440504
Russia,2024,144820423
Rwanda,2017,12202062
Rwanda,2018,12487999
Rwanda,2019,12776104
Rwanda,2020,13065839
Rwanda,2021,13355260
Rwanda,2022,13651026
Rwanda,2023,13954474
Rwanda,2024,14256573
Saint Barthelemy,2017,9954
Saint Barthelemy,2018,10135
Saint Barthelemy,2019,10325
Saint Barthelemy,2020,10566
Saint Barthelemy,2021,10790
Saint Barthelemy,2022,10948
Saint Barthelemy,2023,11112
Saint Barthelemy,2024,11282
Saint Helena,2017,5528
Saint Helena,2018,5507
Saint Helena,2019,5485
Saint Helena,2020,5451
Saint Helena,2021,5415
Saint Helena,2022,5369
Saint Helena,2023,5316
Saint Helena,2024,5262
Saint Kitts and Nevis,2017,47074
Saint Kitts and Nevis,2018,47032
Saint Kitts and Nevis,2019,46974
Saint Kitts and Nevis,2020,46896
Saint Kitts and Nevis,2021,46786
Saint Kitts and Nevis,2022,46731
Saint Kitts and Nevis,2023,46783
Saint Kitts and Nevis,2024,46867
Saint Lucia,2017,176352
Saint Lucia,2018,177032
Saint Lucia,2019,177674
Saint Lucia,2020,178261
Saint Lucia,2021,178540
Saint Lucia,2022,178794
Saint Lucia,2023,179293
Saint Lucia,2024,179751
Saint Martin (French part),2017,36862
Saint Martin (French part),2018,36035
Saint Martin (French part),2019,34289
Saint Martin (French part),2020,31811
Saint Martin (French part),2021,29986
Saint Martin (French part),2022,28898
Saint Martin (French part),2023,27545
Saint Martin (French part),2024,26155
Saint Pierre and Miquelon,2017,5946
Saint Pierre and Miquelon,2018,5932
Saint Pierre and Miquelon,2019,5899
Saint Pierre and Miquelon,2020,5852
Saint Pierre and Miquelon,2021,5802
Saint Pierre and Miquelon,2022,5760
Saint Pierre and Miquelon,2023,5707
Saint Pierre and Miquelon,2024,5652
Saint Vincent and the Grenadines,2017,105675
Saint Vincent and the Grenadines,2018,104938
Saint Vincent and the Grenadines,2019,104182
Saint Vincent and the Grenadines,2020,103540
Saint Vincent and the Grenadines,2021,102848
Saint Vincent and the Grenadines,2022,102062
Saint Vincent and the Grenadines,2023,101331
Saint Vincent and the Grenadines,2024,100630
Samoa,2017,205420
Samoa,2018,207595
Samoa,2019,209793
Samoa,2020,211958
Samoa,2021,213792
Samoa,2022,215269
Samoa,2023,216674
Samoa,2024,218030
San Marino,2017,34404
San Marino,2018,34557
San Marino,2019,34674
San Marino,2020,34796
San Marino,2021,34599
San Marino,2022,34113
San Marino,2023,33761
San Marino,2024,33606
Sao Tome and Principe,2017,206986
Sao Tome and Principe,2018,210198
Sao Tome and Principe,2019,213404
Sao Tome and Principe,2020,217449
Sao Tome and Principe,2021,221975
Sao Tome and Principe,2022,226313
Sao Tome and Principe,2023,230881
Sao Tome and Principe,2024,235548
Saudi Arabia,2017,30782402
Saudi Arabia,2018,30365119
Saudi Arabia,2019,30472810
Saudi Arabia,2020,30991205
Saudi Arabia,2021,31328374
Saudi Arabia,2022,32175352
Saudi Arabia,2023,33264288
Saudi Arabia,2024,33962752
Senegal,2017,15475001
Senegal,2018,15914495
Senegal,2019,16352926
Senegal,2020,16789215
Senegal,2021,17220866
Senegal,2022,17651099
Senegal,2023,18077573
Senegal,2024,18501989
Serbia,2017,7073508
Serbia,2018,7020016
Serbia,2019,6966154
Serbia,2020,6907817
Serbia,2021,6835434
Serbia,2022,6791218
Serbia,2023,6773203
Serbia,2024,6736217
Seychelles,2017,112444
Seychelles,2018,115053
Seychelles,2019,117662
Seychelles,2020,120299
Seychelles,2021,123000
Seychelles,2022,125532
Seychelles,2023,127961
Seychelles,2024,130436
Sierra Leone,2017,7379300
Sierra Leone,2018,7554566
Sierra Leone,2019,7731995
Sierra Leone,2020,7912558
Sierra Leone,2021,8094603
Sierra Leone,2022,8276808
Sierra Leone,2023,8460523
Sierra Leone,2024,8642029
Singapore,2017,5604087
Singapore,2018,5634367
Singapore,2019,5669562
Singapore,2020,5620150
Singapore,2021,5546292
Singapore,2022,5649886
Singapore,2023,5789091
Singapore,2024,5832387
Sint Maarten (Dutch part),2017,39012
Sint Maarten (Dutch part),2018,39735
Sint Maarten (Dutch part),2019,40410
Sint Maarten (Dutch part),2020,41026
Sint Maarten (Dutch part),2021,41590
Sint Maarten (Dutch part),2022,42163
Sint Maarten (Dutch part),2023,42775
Sint Maarten (Dutch part),2024,43372
Slovakia,2017,5435704
Slovakia,2018,5443230
Slovakia,2019,5450626
Slovakia,2020,5455028
Slovakia,2021,5442767
Slovakia,2022,5473194
Slovakia,2023,5518057
Slovakia,2024,5506759
Slovenia,2017,2062410
Slovenia,2018,2069484
Slovenia,2019,2083436
Slovenia,2020,2102419
Slovenia,2021,2113495
Slovenia,2022,2115230
Slovenia,2023,2118395
Slovenia,2024,2118690
Small island developing states (SIDS),2017,69394086
Small island developing states (SIDS),2018,70010846
Small island developing states (SIDS),2019,70666301
Small island developing states (SIDS),2020,71178638
Small island developing states (SIDS),2021,71632449
Small island developing states (SIDS),2022,72230333
Small island developing states (SIDS),2023,72894714
Small island developing states (SIDS),2024,73462562
Solomon Islands,2017,685674
Solomon Islands,2018,709109
Solomon Islands,2019,728156
Solomon Islands,2020,744507
Solomon Islands,2021,762594
Solomon Islands,2022,781075
Solomon Islands,2023,800013
Solomon Islands,2024,819207
Somalia,2017,14916629
Somalia,2018,15452489
Somalia,2019,16030969
Somalia,2020,16651200
Somalia,2021,17271435
Somalia,2022,17801893
Somalia,2023,18358621
Somalia,2024,19009156
South Africa,2017,57635158
South Africa,2018,58613000
South Africa,2019,59587880
South Africa,2020,60562374
South Africa,2021,61502601
South Africa,2022,62378419
South Africa,2023,63212386
South Africa,2024,64007186
South Korea,2017,51486268
South Korea,2018,51640894
South Korea,2019,51767843
South Korea,2020,51858480
South Korea,2021,51848401
South Korea,2022,51782514
South Korea,2023,51748744
South Korea,2024,51717587
South Sudan,2017,10259150
South Sudan,2018,10122983
South Sudan,2019,10423382
South Sudan,2020,10698470
South Sudan,2021,10865786
South Sudan,2022,11021175
South Sudan,2023,11483373
South Sudan,2024,11943411
Spain,2017,46868594
Spain,2018,47092817
Spain,2019,47435120
Spain,2020,47679482
Spain,2021,47735670
Spain,2022,47828386
Spain,2023,47911583
Spain,2024,47910532
Sri Lanka,2017,22087525
Sri Lanka,2018,22253113
Sri Lanka,2019,22410552
Sri Lanka,2020,22561807
Sri Lanka,2021,22700377
Sri Lanka,2022,22834964
Sri Lanka,2023,22971616
Sri Lanka,2024,23103559
Sudan,2017,42714312
Sudan,2018,44230598
Sudan,2019,45548178
Sudan,2020,46789237
Sudan,2021,48066927
Sudan,2022,49383343
Sudan,2023,50042799
Sudan,2024,50448962
Suriname,2017,593719
Suriname,2018,599517
Suriname,2019,605780
Suriname,2020,612322
Suriname,2021,617905
Suriname,2022,623173
Suriname,2023,628892
Suriname,2024,634438
Sweden,2017,10057864
Sweden,2018,10175401
Sweden,2019,10279122
Sweden,2020,10353680
Sweden,2021,10416136
Sweden,2022,10487333
Sweden,2023,10551493
Sweden,2024,10606994
Switzerland,2017,8453628
Switzerland,2018,8516339
Switzerland,2019,8577526
Switzerland,2020,8640582
Switzerland,2021,8707018
Switzerland,2022,8792180
Switzerland,2023,8870564
Switzerland,2024,8921980
Syria,2017,19224670
Syria,2018,19577850
Syria,2019,20353536
Syria,2020,21049428
Syria,2021,21628840
Syria,2022,22462170
Syria,2023,23594622
Syria,2024,24672757
Taiwan,2017,23632950
Taiwan,2018,23659308
Taiwan,2019,23674137
Taiwan,2020,23663460
Taiwan,2021,23558330
Taiwan,2022,23420107
Taiwan,2023,23317145
Taiwan,2024,23213963
Tajikistan,2017,9085943
Tajikistan,2018,9307346
Tajikistan,2019,9529971
Tajikistan,2020,9749310
Tajikistan,2021,9966912
Tajikistan,2022,10182229
Tajikistan,2023,10389808
Tajikistan,2024,10590929
Tanzania,2017,55652888
Tanzania,2018,57437134
Tanzania,2019,59174889
Tanzania,2020,60972801
Tanzania,2021,62830413
Tanzania,2022,64711821
Tanzania,2023,66617607
Tanzania,2024,68560162
Thailand,2017,71160184
Thailand,2018,71376080
Thailand,2019,71522265
Thailand,2020,71641484
Thailand,2021,71727340
Thailand,2022,71735320
Thailand,2023,71702438
Thailand,2024,71668010
Togo,2017,8057139
Togo,2018,8258781
Togo,2019,8463068
Togo,2020,8669722
Togo,2021,8878384
Togo,2022,9089742
Togo,2023,9304344
Togo,2024,9515238
Tokelau,2017,1767
Tokelau,2018,1902
Tokelau,2019,2038
Tokelau,2020,2152
Tokelau,2021,2225
Tokelau,2022,2312
Tokelau,2023,2424
Tokelau,2024,2528
Tonga,2017,105374
Tonga,2018,105589
Tonga,2019,105688
Tonga,2020,105719
Tonga,2021,105504
Tonga,2022,105053
Tonga,2023,104614
Tonga,2024,104190
Trinidad and Tobago,2017,1445265
Trinidad and Tobago,2018,1470522
Trinidad and Tobago,2019,1484898
Trinidad and Tobago,2020,1481026
Trinidad and Tobago,2021,1487715
Trinidad and Tobago,2022,1495922
Trinidad and Tobago,2023,1502936
Trinidad and Tobago,2024,1507779
Tunisia,2017,11650504
Tunisia,2018,11765515
Tunisia,2019,11875085
Tunisia,2020,11974058
Tunisia,2021,12048625
Tunisia,2022,12119336
Tunisia,2023,12200434
Tunisia,2024,12277103
Turkey,2017,83083668
Turkey,2018,84415966
Turkey,2019,85357671
Turkey,2020,86091691
Turkey,2021,86686255
Turkey,2022,87058470
Turkey,2023,87270503
Turkey,2024,87473800
Turkmenistan,2017,6507065
Turkmenistan,2018,6655523
Turkmenistan,2019,6803942
Turkmenistan,2020,6949915
Turkmenistan,2021,7092041
Turkmenistan,2022,7230198
Turkmenistan,2023,7364437
Turkmenistan,2024,7494494
Turks and Caicos Islands,2017,39928
Turks and Caicos Islands,2018,41579
Turks and Caicos Islands,2019,43190
Turks and Caicos Islands,2020,44404
Turks and Caicos Islands,2021,45260
Turks and Caicos Islands,2022,45869
Turks and Caicos Islands,2023,46219
Turks and Caicos Islands,2024,46562
Tuvalu,2017,10892
Tuvalu,2018,10775
Tuvalu,2019,10603
Tuvalu,2020,10423
Tuvalu,2021,10214
Tuvalu,2022,10012
Tuvalu,2023,9837
Tuvalu,2024,9669
Uganda,2017,40177383
Uganda,2018,41565839
Uganda,2019,42999636
Uganda,2020,44457149
Uganda,2021,45910932
Uganda,2022,47312718
Uganda,2023,48656604
Uganda,2024,50015089
Ukraine,2017,45436036
Ukraine,2018,45208903
Ukraine,2019,44957450
Ukraine,2020,44680009
Ukraine,2021,44298641
Ukraine,2022,41048767
Ukraine,2023,37732832
Ukraine,2024,37860222
United Arab Emirates,2017,9234330
United Arab Emirates,2018,9346870
United Arab Emirates,2019,9377855
United Arab Emirates,2020,9448529
United Arab Emirates,2021,9789054
United Arab Emirates,2022,10242085
United Arab Emirates,2023,10642089
United Arab Emirates,2024,11027134
United Kingdom,2017,66354474
United Kingdom,2018,66752473
United Kingdom,2019,67110958
United Kingdom,2020,67351860
United Kingdom,2021,67668789
United Kingdom,2022,68179315
United Kingdom,2023,68682965
United Kingdom,2024,69138185
United States,2017,332204656
United States,2018,335056495
United States,2019,337790068
United States,2020,339436157
United States,2021,340161441
United States,2022,341534041
United States,2023,343477332
United States,2024,345426567
United States Virgin Islands,2017,95123
United States Virgin Islands,2018,92317
United States Virgin Islands,2019,89390
United States Virgin Islands,2020,87724
United States Virgin Islands,2021,87238
United States Virgin Islands,2022,86521
United States Virgin Islands,2023,85712
United States Virgin Islands,2024,84922
Upper-middle-income countries,2017,2740416309
Upper-middle-income countries,2018,2759864864
Upper-middle-income countries,2019,2776256182
Upper-middle-income countries,2020,2789064927
Upper-middle-income countries,2021,2797561845
Upper-middle-income countries,2022,2804740306
Upper-middle-income countries,2023,2811308945
Upper-middle-income countries,2024,2816388199
Uruguay,2017,3388444
Uruguay,2018,3394539
Uruguay,2019,3397205
Uruguay,2020,3398967
Uruguay,2021,3396692
Uruguay,2022,3390913
Uruguay,2023,3388083
Uruguay,2024,3386582
Uzbekistan,2017,31819172
Uzbekistan,2018,32373490
Uzbekistan,2019,32964702
Uzbekistan,2020,33586372
Uzbekistan,2021,34243696
Uzbekistan,2022,34938955
Uzbekistan,2023,35652309
Uzbekistan,2024,36361859
Vanuatu,2017,278518
Vanuatu,2018,285273
Vanuatu,2019,291994
Vanuatu,2020,298868
Vanuatu,2021,305883
Vanuatu,2022,313062
Vanuatu,2023,320422
Vanuatu,2024,327787
Vatican,2017,563
Vatican,2018,552
Vatican,2019,543
Vatican,2020,536
Vatican,2021,527
Vatican,2022,513
Vatican,2023,501
Vatican,2024,507
Venezuela,2017,30565331
Venezuela,2018,29807592
Venezuela,2019,28938095
Venezuela,2020,28444078
Venezuela,2021,28237831
Venezuela,2022,28213016
Venezuela,2023,28300860
Venezuela,2024,28405544
Vietnam,2017,95176979
Vietnam,2018,96237319
Vietnam,2019,97173778
Vietnam,2020,98079196
Vietnam,2021,98935101
Vietnam,2022,99680656
Vietnam,2023,100352189
Vietnam,2024,100987686
Wallis and Futuna,2017,11945
Wallis and Futuna,2018,11827
Wallis and Futuna,2019,11711
Wallis and Futuna,2020,11640
Wallis and Futuna,2021,11590
Wallis and Futuna,2022,11501
Wallis and Futuna,2023,11394
Wallis and Futuna,2024,11303
Western Sahara,2017,512852
Western Sahara,2018,525789
Western Sahara,2019,538452
Western Sahara,2020,549372
Western Sahara,2021,558625
Western Sahara,2022,568746
Western Sahara,2023,579735
Western Sahara,2024,590514
World,2017,7645618013
World,2018,7729902724
World,2019,7811293714
World,2020,7887001284
World,2021,7954448405
World,2022,8021407170
World,2023,8091734935
World,2024,8161972549
Yemen,2017,33090925
Yemen,2018,34085182
Yemen,2019,35111417
Yemen,2020,36134868
Yemen,2021,37140233
Yemen,2022,38222880
Yemen,2023,39390800
Yemen,2024,40583174
Zambia,2017,17441329
Zambia,2018,17973572
Zambia,2019,18513841
Zambia,2020,19059395
Zambia,2021,19603610
Zambia,2022,20152934
Zambia,2023,20723968
Zambia,2024,21314960
Zimbabwe,2017,14812484
Zimbabwe,2018,15034457
Zimbabwe,2019,15271377
Zimbabwe,2020,15526888
Zimbabwe,2021,15797220
Zimbabwe,2022,16069061
Zimbabwe,2023,16340829
Zimbabwe,2024,16634366
